transaction_id,customer_id,kyc_verified,account_age_days,transaction_amount,channel,timestamp,is_fraud,timestamp_utc,hour,minute,weekday,month,is_high_value,amount_log,account_age_bucket
TXN_200000,CUST_799,1,1050,256369,Mobile,2025-08-12 02:10:24,0,2025-08-12 02:10:24+00:00,2,10,1,8,1,12.454376992502883,recent
TXN_200001,CUST_484,1,295,6581,Mobile,2025-08-25 01:14:31,0,2025-08-25 01:14:31+00:00,1,14,0,8,0,8.792093929503284,new
TXN_200002,CUST_791,1,2083,4492,Mobile,2025-08-17 12:12:40,0,2025-08-17 12:12:40+00:00,12,12,6,8,0,8.41027590907016,established
TXN_200003,CUST_664,1,2789,275413,POS,2025-08-07 06:23:54,0,2025-08-07 06:23:54+00:00,6,23,3,8,1,12.526030699133504,old
TXN_200004,CUST_157,1,694,98098,POS,2025-08-20 21:55:54,0,2025-08-20 21:55:54+00:00,21,55,2,8,1,11.49373245182158,new
TXN_200005,CUST_654,1,1624,14744,Mobile,2025-08-17 12:32:58,0,2025-08-17 12:32:58+00:00,12,32,6,8,0,9.598659321249377,established
TXN_200006,CUST_288,1,2506,5896,ATM,2025-08-23 01:48:53,0,2025-08-23 01:48:53+00:00,1,48,5,8,0,8.682199026000504,old
TXN_200007,CUST_135,0,2001,5276,Web,2025-08-02 07:31:35,0,2025-08-02 07:31:35+00:00,7,31,5,8,0,8.571113033405668,established
TXN_200008,CUST_738,1,2276,16030,Web,2025-08-10 03:59:35,0,2025-08-10 03:59:35+00:00,3,59,6,8,0,9.682279626689674,old
TXN_200009,CUST_639,1,1980,5294,Web,2025-08-24 00:20:12,0,2025-08-24 00:20:12+00:00,0,20,6,8,0,8.574518258035507,established
TXN_200010,CUST_526,1,1398,69506,Mobile,2025-08-23 03:36:52,0,2025-08-23 03:36:52+00:00,3,36,5,8,1,11.149182745905483,recent
TXN_200011,CUST_234,1,2990,20428,Web,2025-08-14 07:00:26,0,2025-08-14 07:00:26+00:00,7,0,3,8,0,9.924710738987654,old
TXN_200012,CUST_625,1,1957,125754,Web,2025-08-22 23:22:59,0,2025-08-22 23:22:59+00:00,23,22,4,8,1,11.742090848602933,established
TXN_200013,CUST_137,0,688,6451,Web,2025-08-12 06:32:45,1,2025-08-12 06:32:45+00:00,6,32,1,8,0,8.772145439245099,new
TXN_200014,CUST_584,0,1384,11780,Mobile,2025-08-12 11:08:57,0,2025-08-12 11:08:57+00:00,11,8,1,8,0,9.37424334324612,recent
TXN_200015,CUST_408,0,534,214584,Web,2025-08-06 21:54:51,1,2025-08-06 21:54:51+00:00,21,54,2,8,1,12.276461209252101,new
TXN_200016,CUST_777,1,2515,44628,Web,2025-08-05 04:51:42,0,2025-08-05 04:51:42+00:00,4,51,1,8,0,10.70613915091923,old
TXN_200017,CUST_381,1,2642,7166,Mobile,2025-08-20 06:50:29,0,2025-08-20 06:50:29+00:00,6,50,2,8,0,8.877242435993919,old
TXN_200018,CUST_127,1,2086,6814,Mobile,2025-08-09 08:05:24,0,2025-08-09 08:05:24+00:00,8,5,5,8,0,8.826881344130634,established
TXN_200019,CUST_451,1,462,14017,Web,2025-08-20 19:00:24,0,2025-08-20 19:00:24+00:00,19,0,2,8,0,9.54809749706027,new
TXN_200020,CUST_612,1,259,10479,Mobile,2025-08-04 00:43:17,0,2025-08-04 00:43:17+00:00,0,43,0,8,0,9.257223957875032,new
TXN_200021,CUST_435,1,1002,141766,Mobile,2025-08-04 12:37:16,1,2025-08-04 12:37:16+00:00,12,37,0,8,1,11.8619401438523,recent
TXN_200022,CUST_630,1,2184,176991,Web,2025-08-18 15:40:14,1,2025-08-18 15:40:14+00:00,15,40,0,8,1,12.083859812794405,established
TXN_200023,CUST_194,1,1014,3768,ATM,2025-08-19 05:43:22,0,2025-08-19 05:43:22+00:00,5,43,1,8,0,8.234564993267135,recent
TXN_200024,CUST_682,1,2083,4904,ATM,2025-08-03 23:34:35,0,2025-08-03 23:34:35+00:00,23,34,6,8,0,8.498010371999463,established
TXN_200025,CUST_641,1,389,12674,Web,2025-08-16 12:58:49,0,2025-08-16 12:58:49+00:00,12,58,5,8,0,9.447386828459384,new
TXN_200026,CUST_507,0,923,134076,POS,2025-08-18 00:07:21,1,2025-08-18 00:07:21+00:00,0,7,0,8,1,11.806169540763921,recent
TXN_200027,CUST_212,1,2668,7307,Web,2025-08-02 17:09:39,0,2025-08-02 17:09:39+00:00,17,9,5,8,0,8.896724917497897,old
TXN_200028,CUST_424,0,1135,5936,ATM,2025-08-17 15:07:56,0,2025-08-17 15:07:56+00:00,15,7,6,8,0,8.688959234270676,recent
TXN_200029,CUST_106,1,1174,9784,Mobile,2025-08-17 18:54:19,0,2025-08-17 18:54:19+00:00,18,54,6,8,0,9.188605879830176,recent
TXN_200030,CUST_309,1,2229,5062,ATM,2025-08-11 10:07:23,0,2025-08-11 10:07:23+00:00,10,7,0,8,0,8.529714471969909,established
TXN_200031,CUST_242,1,2920,4677,Mobile,2025-08-22 12:04:51,0,2025-08-22 12:04:51+00:00,12,4,4,8,0,8.450625947144124,old
TXN_200032,CUST_787,1,1669,5160,POS,2025-08-11 10:20:41,0,2025-08-11 10:20:41+00:00,10,20,0,8,0,8.548885638148727,established
TXN_200033,CUST_514,1,880,4523,Mobile,2025-08-06 21:43:40,0,2025-08-06 21:43:40+00:00,21,43,2,8,0,8.41715183723601,recent
TXN_200034,CUST_217,0,1243,5316,ATM,2025-08-02 22:11:31,0,2025-08-02 22:11:31+00:00,22,11,5,8,0,8.57866451350434,recent
TXN_200035,CUST_689,1,492,6438,ATM,2025-08-16 11:34:01,0,2025-08-16 11:34:01+00:00,11,34,5,8,0,8.770128527538184,new
TXN_200036,CUST_122,1,1669,12439,ATM,2025-08-03 02:09:23,0,2025-08-03 02:09:23+00:00,2,9,6,8,0,9.42867236629317,established
TXN_200037,CUST_397,0,500,42096,Mobile,2025-08-03 20:20:13,0,2025-08-03 20:20:13+00:00,20,20,6,8,0,10.647731758224072,new
TXN_200038,CUST_610,1,648,5347,Mobile,2025-08-04 19:57:44,0,2025-08-04 19:57:44+00:00,19,57,0,8,0,8.584477938221834,new
TXN_200039,CUST_171,0,2880,190257,ATM,2025-08-01 06:53:21,0,2025-08-01 06:53:21+00:00,6,53,4,8,1,12.156136324774156,old
TXN_200040,CUST_521,1,1846,6066,ATM,2025-08-18 16:29:31,0,2025-08-18 16:29:31+00:00,16,29,0,8,0,8.710619527942297,established
TXN_200041,CUST_303,1,2687,180326,Mobile,2025-08-22 19:35:32,0,2025-08-22 19:35:32+00:00,19,35,4,8,1,12.102527148395907,old
TXN_200042,CUST_324,1,711,4916,Mobile,2025-08-14 18:02:50,0,2025-08-14 18:02:50+00:00,18,2,3,8,0,8.50045386741194,new
TXN_200043,CUST_115,1,1171,7296,Mobile,2025-08-13 17:49:47,0,2025-08-13 17:49:47+00:00,17,49,2,8,0,8.89521858376562,recent
TXN_200044,CUST_662,1,1094,290970,Mobile,2025-08-04 19:29:58,0,2025-08-04 19:29:58+00:00,19,29,0,8,1,12.580978884830216,recent
TXN_200045,CUST_111,0,2600,6807,ATM,2025-08-03 06:03:48,0,2025-08-03 06:03:48+00:00,6,3,6,8,0,8.82585367025321,old
TXN_200046,CUST_365,1,459,162442,Mobile,2025-08-09 06:00:46,1,2025-08-09 06:00:46+00:00,6,0,5,8,1,11.998082449987244,new
TXN_200047,CUST_313,1,749,3325,Web,2025-08-03 15:37:50,1,2025-08-03 15:37:50+00:00,15,37,6,8,0,8.109525659752872,recent
TXN_200048,CUST_166,1,2850,5498,Mobile,2025-08-04 13:51:34,0,2025-08-04 13:51:34+00:00,13,51,0,8,0,8.612321536507814,old
TXN_200049,CUST_693,1,486,7056,Web,2025-08-25 17:38:44,0,2025-08-25 17:38:44+00:00,17,38,0,8,0,8.86177531100083,new
TXN_200050,CUST_377,0,624,12421,Web,2025-08-13 19:29:20,0,2025-08-13 19:29:20+00:00,19,29,2,8,0,9.427224373119248,new
TXN_200051,CUST_114,1,2773,136331,Web,2025-08-19 01:58:11,0,2025-08-19 01:58:11+00:00,1,58,1,8,1,11.822848366357904,old
TXN_200052,CUST_174,1,2333,10160,Mobile,2025-08-10 17:52:50,0,2025-08-10 17:52:50+00:00,17,52,6,8,0,9.22631214148588,old
TXN_200053,CUST_175,0,2622,4688,ATM,2025-08-06 20:03:37,0,2025-08-06 20:03:37+00:00,20,3,2,8,0,8.452974619089586,old
TXN_200054,CUST_693,1,665,14948,ATM,2025-08-21 17:24:03,0,2025-08-21 17:24:03+00:00,17,24,3,8,0,9.612399686949514,new
TXN_200055,CUST_354,1,598,7265,Mobile,2025-08-01 07:18:19,0,2025-08-01 07:18:19+00:00,7,18,4,8,0,8.890961212781146,new
TXN_200056,CUST_232,1,2206,5637,Mobile,2025-08-09 14:30:05,0,2025-08-09 14:30:05+00:00,14,30,5,8,0,8.637284671674058,established
TXN_200057,CUST_755,1,151,14898,Mobile,2025-08-03 15:31:07,0,2025-08-03 15:31:07+00:00,15,31,6,8,0,9.60904937558734,new
TXN_200058,CUST_184,1,1645,5804,Mobile,2025-08-10 05:37:29,0,2025-08-10 05:37:29+00:00,5,37,6,8,0,8.666474894131992,established
TXN_200059,CUST_782,0,1596,9134,Mobile,2025-08-17 22:30:51,0,2025-08-17 22:30:51+00:00,22,30,6,8,0,9.119868468812108,established
TXN_200060,CUST_389,0,391,2865,Mobile,2025-08-15 18:21:30,0,2025-08-15 18:21:30+00:00,18,21,4,8,0,7.960672608388117,new
TXN_200061,CUST_100,1,93,199623,Web,2025-08-17 05:17:53,0,2025-08-17 05:17:53+00:00,5,17,6,8,1,12.204190876112156,new
TXN_200062,CUST_211,0,1177,8878,Web,2025-08-20 20:43:07,0,2025-08-20 20:43:07+00:00,20,43,2,8,0,9.091444217032327,recent
TXN_200063,CUST_609,1,1205,147306,Web,2025-08-11 19:55:08,1,2025-08-11 19:55:08+00:00,19,55,0,8,1,11.9002741233854,recent
TXN_200064,CUST_720,1,802,12726,Web,2025-08-12 07:14:15,0,2025-08-12 07:14:15+00:00,7,14,1,8,0,9.451480999992047,recent
TXN_200065,CUST_430,1,478,113523,Mobile,2025-08-14 02:28:54,0,2025-08-14 02:28:54+00:00,2,28,3,8,1,11.639769547294895,new
TXN_200066,CUST_795,1,1184,16143,ATM,2025-08-20 10:34:52,0,2025-08-20 10:34:52+00:00,10,34,2,8,0,9.68930374259339,recent
TXN_200067,CUST_496,1,1340,8264,ATM,2025-08-13 08:35:08,0,2025-08-13 08:35:08+00:00,8,35,2,8,0,9.019785010255125,recent
TXN_200068,CUST_267,1,2662,3935,Web,2025-08-14 00:38:36,0,2025-08-14 00:38:36+00:00,0,38,3,8,0,8.277920258172143,old
TXN_200069,CUST_140,1,2998,11163,Web,2025-08-21 12:30:49,0,2025-08-21 12:30:49+00:00,12,30,3,8,0,9.320449594656212,old
TXN_200070,CUST_334,1,2378,9180,POS,2025-08-19 01:59:25,0,2025-08-19 01:59:25+00:00,1,59,1,8,0,9.1248914101437,old
TXN_200071,CUST_742,1,662,11904,Mobile,2025-08-13 15:34:41,0,2025-08-13 15:34:41+00:00,15,34,2,8,0,9.384713758920963,new
TXN_200072,CUST_267,1,1472,16214,POS,2025-08-07 21:36:20,0,2025-08-07 21:36:20+00:00,21,36,3,8,0,9.693692018741418,recent
TXN_200073,CUST_747,1,520,71155,Mobile,2025-08-23 01:17:43,0,2025-08-23 01:17:43+00:00,1,17,5,8,1,11.17262992884516,new
TXN_200074,CUST_709,1,2069,11108,POS,2025-08-05 01:24:00,0,2025-08-05 01:24:00+00:00,1,24,1,8,0,9.315510869581722,established
TXN_200075,CUST_393,1,1562,11995,POS,2025-08-07 17:11:45,0,2025-08-07 17:11:45+00:00,17,11,3,8,0,9.392328539868899,established
TXN_200076,CUST_565,1,1639,23769,Mobile,2025-08-25 16:23:23,0,2025-08-25 16:23:23+00:00,16,23,0,8,0,10.07617956035424,established
TXN_200077,CUST_162,1,505,7286,Mobile,2025-08-09 23:27:39,0,2025-08-09 23:27:39+00:00,23,27,5,8,0,8.893847217670283,new
TXN_200078,CUST_216,1,1854,7302,ATM,2025-08-20 07:06:27,0,2025-08-20 07:06:27+00:00,7,6,2,8,0,8.89604050162011,established
TXN_200079,CUST_541,1,2737,5926,Mobile,2025-08-22 19:07:55,0,2025-08-22 19:07:55+00:00,19,7,4,8,0,8.687273461787838,old
TXN_200080,CUST_660,1,790,4549,Mobile,2025-08-19 21:18:31,0,2025-08-19 21:18:31+00:00,21,18,1,8,0,8.422882511944996,recent
TXN_200081,CUST_575,1,817,9287,Mobile,2025-08-24 15:06:59,0,2025-08-24 15:06:59+00:00,15,6,6,8,0,9.136478523377727,recent
TXN_200082,CUST_413,1,982,11106,Mobile,2025-08-09 16:43:23,0,2025-08-09 16:43:23+00:00,16,43,5,8,0,9.31533081916712,recent
TXN_200083,CUST_458,1,1037,182977,Web,2025-08-12 20:54:55,1,2025-08-12 20:54:55+00:00,20,54,1,8,1,12.11712120601749,recent
TXN_200084,CUST_495,1,227,4506,POS,2025-08-15 17:53:40,0,2025-08-15 17:53:40+00:00,17,53,4,8,0,8.413387022690648,new
TXN_200085,CUST_584,1,2175,6119,Web,2025-08-06 12:39:40,0,2025-08-06 12:39:40+00:00,12,39,2,8,0,8.719317375506371,established
TXN_200086,CUST_105,1,2361,2431,POS,2025-08-14 05:04:59,0,2025-08-14 05:04:59+00:00,5,4,3,8,0,7.796469243086058,old
TXN_200087,CUST_607,1,1164,7118,Mobile,2025-08-05 16:25:09,0,2025-08-05 16:25:09+00:00,16,25,1,8,0,8.870522545103873,recent
TXN_200088,CUST_779,1,1464,5805,Mobile,2025-08-25 06:05:00,0,2025-08-25 06:05:00+00:00,6,5,0,8,0,8.666647144584575,recent
TXN_200089,CUST_743,1,1653,17510,Mobile,2025-08-15 00:02:59,0,2025-08-15 00:02:59+00:00,0,2,4,8,0,9.7705845338719,established
TXN_200090,CUST_217,0,12,7872,Mobile,2025-08-13 18:17:11,0,2025-08-13 18:17:11+00:00,18,17,2,8,0,8.971194463184467,new
TXN_200091,CUST_540,1,1244,17962,Mobile,2025-08-01 14:46:42,0,2025-08-01 14:46:42+00:00,14,46,4,8,0,9.796069365768835,recent
TXN_200092,CUST_257,1,1376,2943,Mobile,2025-08-06 16:44:20,0,2025-08-06 16:44:20+00:00,16,44,2,8,0,7.987524479848767,recent
TXN_200093,CUST_658,1,2482,3275,Web,2025-08-09 08:45:11,0,2025-08-09 08:45:11+00:00,8,45,5,8,0,8.09437844497296,old
TXN_200094,CUST_512,1,2945,15935,Mobile,2025-08-17 13:58:23,0,2025-08-17 13:58:23+00:00,13,58,6,8,0,9.67633597982438,old
TXN_200095,CUST_251,1,392,3622,Web,2025-08-02 22:36:43,0,2025-08-02 22:36:43+00:00,22,36,5,8,0,8.195057690895077,new
TXN_200096,CUST_771,1,1546,9152,Web,2025-08-12 14:52:09,0,2025-08-12 14:52:09+00:00,14,52,1,8,0,9.121836973384779,established
TXN_200097,CUST_479,1,60,295368,Mobile,2025-08-14 16:22:58,0,2025-08-14 16:22:58+00:00,16,22,3,8,1,12.595980701121658,new
TXN_200098,CUST_626,1,915,9755,Mobile,2025-08-14 03:55:39,0,2025-08-14 03:55:39+00:00,3,55,3,8,0,9.18563775933581,recent
TXN_200099,CUST_350,1,2300,8927,Web,2025-08-02 15:15:46,0,2025-08-02 15:15:46+00:00,15,15,5,8,0,9.096947684621092,old
TXN_200100,CUST_341,1,2221,2975,Mobile,2025-08-04 02:38:16,0,2025-08-04 02:38:16+00:00,2,38,0,8,0,7.998335395952982,established
TXN_200101,CUST_469,1,1494,9944,Mobile,2025-08-16 00:25:26,0,2025-08-16 00:25:26+00:00,0,25,5,8,0,9.204825191288073,established
TXN_200102,CUST_376,1,1669,11256,POS,2025-08-07 11:31:14,0,2025-08-07 11:31:14+00:00,11,31,3,8,0,9.328745436354804,established
TXN_200103,CUST_307,1,621,71680,POS,2025-08-04 12:24:09,0,2025-08-04 12:24:09+00:00,12,24,0,8,1,11.179980998444357,new
TXN_200104,CUST_179,1,1407,9688,Web,2025-08-21 08:32:42,0,2025-08-21 08:32:42+00:00,8,32,3,8,0,9.178746500385005,recent
TXN_200105,CUST_391,0,219,31541,Mobile,2025-08-18 20:22:29,1,2025-08-18 20:22:29+00:00,20,22,0,8,0,10.359075270047503,new
TXN_200106,CUST_137,1,670,10896,POS,2025-08-08 13:44:41,0,2025-08-08 13:44:41+00:00,13,44,4,8,0,9.296242800976886,new
TXN_200107,CUST_321,1,2723,282778,Web,2025-08-15 22:17:26,0,2025-08-15 22:17:26+00:00,22,17,4,8,1,12.552420952821594,old
TXN_200108,CUST_773,1,732,21880,ATM,2025-08-24 14:59:18,0,2025-08-24 14:59:18+00:00,14,59,6,8,0,9.99337395933065,new
TXN_200109,CUST_354,1,570,7732,Mobile,2025-08-14 09:18:55,0,2025-08-14 09:18:55+00:00,9,18,3,8,0,8.953252164609035,new
TXN_200110,CUST_691,0,2919,6016,Mobile,2025-08-11 05:36:07,0,2025-08-11 05:36:07+00:00,5,36,0,8,0,8.702344075220351,old
TXN_200111,CUST_494,1,1771,17738,POS,2025-08-10 05:26:18,0,2025-08-10 05:26:18+00:00,5,26,6,8,0,9.78352088448894,established
TXN_200112,CUST_782,1,1206,28044,ATM,2025-08-06 14:07:09,0,2025-08-06 14:07:09+00:00,14,7,2,8,0,10.241565641942437,recent
TXN_200113,CUST_491,1,2832,11674,Mobile,2025-08-10 01:32:00,0,2025-08-10 01:32:00+00:00,1,32,6,8,0,9.365205082537098,old
TXN_200114,CUST_713,1,626,9692,ATM,2025-08-16 00:39:32,0,2025-08-16 00:39:32+00:00,0,39,5,8,0,9.179159254492609,new
TXN_200115,CUST_467,1,535,181337,Web,2025-08-24 17:54:13,0,2025-08-24 17:54:13+00:00,17,54,6,8,1,12.108117972132941,new
TXN_200116,CUST_445,1,2948,19526,Web,2025-08-18 16:01:18,0,2025-08-18 16:01:18+00:00,16,1,0,8,0,9.879553402240496,old
TXN_200117,CUST_319,1,2237,9034,POS,2025-08-19 06:52:02,0,2025-08-19 06:52:02+00:00,6,52,1,8,0,9.10886120302633,established
TXN_200118,CUST_290,1,71,5219,Web,2025-08-06 17:10:53,0,2025-08-06 17:10:53+00:00,17,10,2,8,0,8.560252680876685,new
TXN_200119,CUST_106,1,1753,7301,Mobile,2025-08-06 22:18:23,0,2025-08-06 22:18:23+00:00,22,18,2,8,0,8.895903562215581,established
TXN_200120,CUST_471,1,2102,8548,Mobile,2025-08-03 05:33:40,0,2025-08-03 05:33:40+00:00,5,33,6,8,0,9.053569596026234,established
TXN_200121,CUST_446,0,1741,16998,Mobile,2025-08-15 12:51:39,1,2025-08-15 12:51:39+00:00,12,51,4,8,0,9.74090979777877,established
TXN_200122,CUST_488,1,30,9454,POS,2025-08-19 17:01:06,0,2025-08-19 17:01:06+00:00,17,1,1,8,0,9.154298981092557,new
TXN_200123,CUST_416,1,1044,5438,POS,2025-08-10 05:56:51,0,2025-08-10 05:56:51+00:00,5,56,6,8,0,8.60135049942296,recent
TXN_200124,CUST_676,1,1330,5265,Mobile,2025-08-16 23:05:05,0,2025-08-16 23:05:05+00:00,23,5,5,8,0,8.569026340056254,recent
TXN_200125,CUST_422,1,1120,14686,ATM,2025-08-05 02:30:55,0,2025-08-05 02:30:55+00:00,2,30,1,8,0,9.594718027753862,recent
TXN_200126,CUST_522,1,2439,211389,Web,2025-08-22 05:37:42,0,2025-08-22 05:37:42+00:00,5,37,4,8,1,12.26146004760973,old
TXN_200127,CUST_637,1,2159,25541,POS,2025-08-08 06:17:33,0,2025-08-08 06:17:33+00:00,6,17,4,8,0,10.148079435056207,established
TXN_200128,CUST_654,1,2691,17085,Mobile,2025-08-02 15:38:42,0,2025-08-02 15:38:42+00:00,15,38,5,8,0,9.746014693711563,old
TXN_200129,CUST_455,1,1518,7095,POS,2025-08-09 07:12:09,0,2025-08-09 07:12:09+00:00,7,12,5,8,0,8.867286523989415,established
TXN_200130,CUST_351,1,2036,11983,ATM,2025-08-23 18:12:32,0,2025-08-23 18:12:32+00:00,18,12,5,8,0,9.391327705757,established
TXN_200131,CUST_642,1,923,67492,Web,2025-08-04 07:44:20,0,2025-08-04 07:44:20+00:00,7,44,0,8,1,11.119779167779317,recent
TXN_200132,CUST_437,1,1344,5274,Mobile,2025-08-06 19:22:57,0,2025-08-06 19:22:57+00:00,19,22,2,8,0,8.570733958344267,recent
TXN_200133,CUST_695,1,1097,23975,Mobile,2025-08-13 23:29:09,0,2025-08-13 23:29:09+00:00,23,29,2,8,0,10.084808608996498,recent
TXN_200134,CUST_499,0,1330,7378,POS,2025-08-15 23:04:27,1,2025-08-15 23:04:27+00:00,23,4,4,8,0,8.906393407058367,recent
TXN_200135,CUST_234,1,1669,4855,Web,2025-08-11 10:53:59,0,2025-08-11 10:53:59+00:00,10,53,0,8,0,8.487970332739334,established
TXN_200136,CUST_301,1,320,3636,Web,2025-08-21 04:41:42,0,2025-08-21 04:41:42+00:00,4,41,3,8,0,8.19891444498699,new
TXN_200137,CUST_306,1,1793,15227,Web,2025-08-01 08:35:11,0,2025-08-01 08:35:11+00:00,8,35,4,8,0,9.630891117502388,established
TXN_200138,CUST_227,1,224,14821,Mobile,2025-08-15 03:31:53,0,2025-08-15 03:31:53+00:00,3,31,4,8,0,9.603867842511304,new
TXN_200139,CUST_689,1,1670,13969,POS,2025-08-12 03:10:45,0,2025-08-12 03:10:45+00:00,3,10,1,8,0,9.544667452251007,established
TXN_200140,CUST_603,1,2080,9528,POS,2025-08-11 21:46:10,0,2025-08-11 21:46:10+00:00,21,46,0,8,0,9.162095059348188,established
TXN_200141,CUST_712,1,1094,54692,Web,2025-08-16 19:57:21,0,2025-08-16 19:57:21+00:00,19,57,5,8,1,10.909491009471575,recent
TXN_200142,CUST_734,1,2766,250746,Web,2025-08-03 17:38:35,1,2025-08-03 17:38:35+00:00,17,38,6,8,1,12.432199741644935,old
TXN_200143,CUST_402,1,1269,6238,Web,2025-08-15 08:18:48,0,2025-08-15 08:18:48+00:00,8,18,4,8,0,8.738575192110787,recent
TXN_200144,CUST_378,1,2230,5092,Web,2025-08-18 02:00:09,0,2025-08-18 02:00:09+00:00,2,0,0,8,0,8.535622326884605,established
TXN_200145,CUST_464,0,2957,5803,POS,2025-08-20 07:01:59,0,2025-08-20 07:01:59+00:00,7,1,2,8,0,8.666302614004078,old
TXN_200146,CUST_309,1,93,13251,Mobile,2025-08-14 08:33:15,0,2025-08-14 08:33:15+00:00,8,33,3,8,0,9.491903763419787,new
TXN_200147,CUST_146,0,2038,13905,Mobile,2025-08-01 05:31:29,0,2025-08-01 05:31:29+00:00,5,31,4,8,0,9.540075680658964,established
TXN_200148,CUST_615,1,779,220769,Mobile,2025-08-05 06:57:18,0,2025-08-05 06:57:18+00:00,6,57,1,8,1,12.304876714588755,recent
TXN_200149,CUST_440,1,1368,17004,Mobile,2025-08-19 18:02:14,0,2025-08-19 18:02:14+00:00,18,2,1,8,0,9.741262697441297,recent
TXN_200150,CUST_781,1,2964,4939,Mobile,2025-08-10 09:44:23,0,2025-08-10 09:44:23+00:00,9,44,6,8,0,8.505120610181969,old
TXN_200151,CUST_225,1,1073,214332,Web,2025-08-18 03:59:21,0,2025-08-18 03:59:21+00:00,3,59,0,8,1,12.275286159340483,recent
TXN_200152,CUST_382,1,2707,15175,Mobile,2025-08-06 19:55:40,0,2025-08-06 19:55:40+00:00,19,55,2,8,0,9.62747051161485,old
TXN_200153,CUST_507,1,1391,11856,POS,2025-08-16 21:17:00,0,2025-08-16 21:17:00+00:00,21,17,5,8,0,9.380673689458071,recent
TXN_200154,CUST_139,1,1870,9926,Mobile,2025-08-05 07:40:06,0,2025-08-05 07:40:06+00:00,7,40,1,8,0,9.203013596589722,established
TXN_200155,CUST_327,1,861,6685,ATM,2025-08-02 12:04:53,0,2025-08-02 12:04:53+00:00,12,4,5,8,0,8.807771066980044,recent
TXN_200156,CUST_650,1,1212,14779,Web,2025-08-08 05:45:30,0,2025-08-08 05:45:30+00:00,5,45,4,8,0,9.601030194502194,recent
TXN_200157,CUST_398,1,2304,10358,Mobile,2025-08-21 06:59:58,0,2025-08-21 06:59:58+00:00,6,59,3,8,0,9.245610986058102,old
TXN_200158,CUST_692,1,2235,16827,Mobile,2025-08-03 00:13:20,0,2025-08-03 00:13:20+00:00,0,13,6,8,0,9.730799444710412,established
TXN_200159,CUST_393,1,712,6612,Web,2025-08-11 15:05:01,0,2025-08-11 15:05:01+00:00,15,5,0,8,0,8.796792687674662,new
TXN_200160,CUST_316,1,791,8666,Mobile,2025-08-15 09:32:05,0,2025-08-15 09:32:05+00:00,9,32,4,8,0,9.067277989134345,recent
TXN_200161,CUST_165,1,1858,10606,Web,2025-08-05 21:14:49,0,2025-08-05 21:14:49+00:00,21,14,1,8,0,9.26926943950547,established
TXN_200162,CUST_260,1,265,8062,Mobile,2025-08-10 20:12:20,0,2025-08-10 20:12:20+00:00,20,12,6,8,0,8.995040974685022,new
TXN_200163,CUST_299,1,851,4667,POS,2025-08-20 03:01:47,0,2025-08-20 03:01:47+00:00,3,1,2,8,0,8.448485993406447,recent
TXN_200164,CUST_374,1,2603,88718,Mobile,2025-08-10 08:31:37,0,2025-08-10 08:31:37+00:00,8,31,6,8,1,11.393229350545036,old
TXN_200165,CUST_323,1,2130,16228,Web,2025-08-14 02:32:53,0,2025-08-14 02:32:53+00:00,2,32,3,8,0,9.694555044315882,established
TXN_200166,CUST_521,1,148,4178,Mobile,2025-08-03 11:46:04,0,2025-08-03 11:46:04+00:00,11,46,6,8,0,8.337827262447915,new
TXN_200167,CUST_407,1,273,12568,Web,2025-08-18 06:45:45,0,2025-08-18 06:45:45+00:00,6,45,0,8,0,9.438988743924838,new
TXN_200168,CUST_481,1,1954,16039,ATM,2025-08-23 18:49:53,0,2025-08-23 18:49:53+00:00,18,49,5,8,0,9.682840881420505,established
TXN_200169,CUST_688,1,488,3275,Web,2025-08-17 16:10:54,0,2025-08-17 16:10:54+00:00,16,10,6,8,0,8.09437844497296,new
TXN_200170,CUST_649,1,2435,57077,Mobile,2025-08-01 14:18:56,0,2025-08-01 14:18:56+00:00,14,18,4,8,1,10.952174032434511,old
TXN_200171,CUST_514,1,816,238078,Mobile,2025-08-15 13:04:58,0,2025-08-15 13:04:58+00:00,13,4,4,8,1,12.380357830349226,recent
TXN_200172,CUST_557,1,2397,7353,Web,2025-08-05 19:22:34,0,2025-08-05 19:22:34+00:00,19,22,1,8,0,8.902999661861218,old
TXN_200173,CUST_602,1,1490,6953,Mobile,2025-08-14 23:16:38,0,2025-08-14 23:16:38+00:00,23,16,3,8,0,8.847072312567807,established
TXN_200174,CUST_128,1,201,22150,Web,2025-08-08 12:45:05,0,2025-08-08 12:45:05+00:00,12,45,4,8,0,10.00563792118106,new
TXN_200175,CUST_382,0,518,15951,Mobile,2025-08-09 07:58:44,0,2025-08-09 07:58:44+00:00,7,58,5,8,0,9.67733949220162,new
TXN_200176,CUST_225,1,296,6251,Mobile,2025-08-12 07:17:54,0,2025-08-12 07:17:54+00:00,7,17,1,8,0,8.740656691541368,new
TXN_200177,CUST_125,1,2840,5391,ATM,2025-08-02 09:39:37,0,2025-08-02 09:39:37+00:00,9,39,5,8,0,8.592671652592143,old
TXN_200178,CUST_193,1,647,44200,Mobile,2025-08-03 10:29:29,0,2025-08-03 10:29:29+00:00,10,29,6,8,0,10.69650269224425,new
TXN_200179,CUST_745,1,1637,6924,POS,2025-08-16 21:51:53,0,2025-08-16 21:51:53+00:00,21,51,5,8,0,8.842893331055539,established
TXN_200180,CUST_716,1,2813,2790,Mobile,2025-08-21 15:42:55,0,2025-08-21 15:42:55+00:00,15,42,3,8,0,7.934155233536322,old
TXN_200181,CUST_354,1,2738,14044,Mobile,2025-08-11 15:23:14,0,2025-08-11 15:23:14+00:00,15,23,0,8,0,9.550021739538344,old
TXN_200182,CUST_200,1,593,240547,Mobile,2025-08-11 07:09:02,0,2025-08-11 07:09:02+00:00,7,9,0,8,1,12.39067493281326,new
TXN_200183,CUST_109,1,554,3622,Mobile,2025-08-12 00:06:42,0,2025-08-12 00:06:42+00:00,0,6,1,8,0,8.195057690895077,new
TXN_200184,CUST_767,0,2919,4711,POS,2025-08-17 20:50:08,0,2025-08-17 20:50:08+00:00,20,50,6,8,0,8.457867725331422,old
TXN_200185,CUST_283,1,1829,169114,Web,2025-08-12 12:43:15,0,2025-08-12 12:43:15+00:00,12,43,1,8,1,12.038334235860962,established
TXN_200186,CUST_576,1,2187,8286,ATM,2025-08-19 14:11:40,0,2025-08-19 14:11:40+00:00,14,11,1,8,0,9.022443300849043,established
TXN_200187,CUST_739,1,2242,12027,POS,2025-08-18 06:52:17,0,2025-08-18 06:52:17+00:00,6,52,0,8,0,9.394992544108419,established
TXN_200188,CUST_544,1,992,16410,Web,2025-08-23 05:32:32,0,2025-08-23 05:32:32+00:00,5,32,5,8,0,9.705707120679628,recent
TXN_200189,CUST_707,1,2994,6519,Web,2025-08-12 02:31:31,0,2025-08-12 02:31:31+00:00,2,31,1,8,0,8.782629654920699,old
TXN_200190,CUST_175,1,2746,208729,Mobile,2025-08-25 20:59:48,0,2025-08-25 20:59:48+00:00,20,59,0,8,1,12.248796829739952,old
TXN_200191,CUST_243,1,302,5425,Mobile,2025-08-17 11:43:19,0,2025-08-17 11:43:19+00:00,11,43,6,8,0,8.598957493218878,new
TXN_200192,CUST_480,1,1631,8735,POS,2025-08-19 13:23:45,0,2025-08-19 13:23:45+00:00,13,23,1,8,0,9.075207697984686,established
TXN_200193,CUST_189,1,2008,4133,Mobile,2025-08-02 18:25:46,0,2025-08-02 18:25:46+00:00,18,25,5,8,0,8.327000740241713,established
TXN_200194,CUST_654,1,2671,3488,Web,2025-08-11 07:05:08,0,2025-08-11 07:05:08+00:00,7,5,0,8,0,8.157370441186774,old
TXN_200195,CUST_423,1,730,20389,ATM,2025-08-23 16:40:09,0,2025-08-23 16:40:09+00:00,16,40,5,8,0,9.922799863568502,new
TXN_200196,CUST_102,1,507,15459,ATM,2025-08-18 09:01:15,0,2025-08-18 09:01:15+00:00,9,1,0,8,0,9.646011322141414,new
TXN_200197,CUST_774,1,2556,11966,Mobile,2025-08-23 15:30:37,0,2025-08-23 15:30:37+00:00,15,30,5,8,0,9.389908140573516,old
TXN_200198,CUST_609,1,2245,262690,Mobile,2025-08-05 13:36:16,0,2025-08-05 13:36:16+00:00,13,36,1,8,1,12.478733715475032,established
TXN_200199,CUST_599,1,902,12215,ATM,2025-08-03 18:17:31,0,2025-08-03 18:17:31+00:00,18,17,6,8,0,9.410501846898468,recent
TXN_200200,CUST_439,1,455,283092,POS,2025-08-16 11:18:39,0,2025-08-16 11:18:39+00:00,11,18,5,8,1,12.55353074454915,new
TXN_200201,CUST_345,0,746,20015,Mobile,2025-08-05 20:57:12,0,2025-08-05 20:57:12+00:00,20,57,1,8,0,9.904287232706693,recent
TXN_200202,CUST_706,1,2178,19922,Mobile,2025-08-20 10:01:36,0,2025-08-20 10:01:36+00:00,10,1,2,8,0,9.899630122208823,established
TXN_200203,CUST_397,1,2296,8055,Mobile,2025-08-25 10:30:03,0,2025-08-25 10:30:03+00:00,10,30,0,8,0,8.994172434398399,old
TXN_200204,CUST_459,1,2103,73151,Web,2025-08-02 08:58:54,0,2025-08-02 08:58:54+00:00,8,58,5,8,1,11.200294747154482,established
TXN_200205,CUST_524,1,883,5040,Web,2025-08-18 04:32:00,0,2025-08-18 04:32:00+00:00,4,32,0,8,0,8.525359754082631,recent
TXN_200206,CUST_179,1,2257,249301,Web,2025-08-22 02:13:53,1,2025-08-22 02:13:53+00:00,2,13,4,8,1,12.426420291942366,old
TXN_200207,CUST_325,1,1975,4534,Mobile,2025-08-25 15:56:52,0,2025-08-25 15:56:52+00:00,15,56,0,8,0,8.419580362549237,established
TXN_200208,CUST_161,1,188,13177,Web,2025-08-21 08:15:16,0,2025-08-21 08:15:16+00:00,8,15,3,8,0,9.486304051473764,new
TXN_200209,CUST_741,0,68,22083,Mobile,2025-08-07 04:29:44,0,2025-08-07 04:29:44+00:00,4,29,3,8,0,10.002608643403935,new
TXN_200210,CUST_762,0,1250,8796,Web,2025-08-03 23:22:07,0,2025-08-03 23:22:07+00:00,23,22,6,8,0,9.082166033252674,recent
TXN_200211,CUST_216,1,2193,2264,Web,2025-08-17 23:25:05,0,2025-08-17 23:25:05+00:00,23,25,6,8,0,7.725330037917135,established
TXN_200212,CUST_541,1,2198,5534,Web,2025-08-08 12:07:32,0,2025-08-08 12:07:32+00:00,12,7,4,8,0,8.618846845142738,established
TXN_200213,CUST_184,1,2109,12034,Mobile,2025-08-23 09:21:15,0,2025-08-23 09:21:15+00:00,9,21,5,8,0,9.395574350217172,established
TXN_200214,CUST_481,1,1628,7427,ATM,2025-08-20 17:39:20,0,2025-08-20 17:39:20+00:00,17,39,2,8,0,8.913011922472597,established
TXN_200215,CUST_530,1,1505,124465,Mobile,2025-08-08 21:24:08,1,2025-08-08 21:24:08+00:00,21,24,4,8,1,11.73178786522091,established
TXN_200216,CUST_483,1,890,13865,Mobile,2025-08-10 15:01:55,0,2025-08-10 15:01:55+00:00,15,1,6,8,0,9.537195079502435,recent
TXN_200217,CUST_364,0,932,4220,Mobile,2025-08-10 23:22:58,0,2025-08-10 23:22:58+00:00,23,22,6,8,0,8.347827345782498,recent
TXN_200218,CUST_342,1,356,191220,Mobile,2025-08-16 17:36:21,0,2025-08-16 17:36:21+00:00,17,36,5,8,1,12.16118510620426,new
TXN_200219,CUST_794,1,152,45566,Mobile,2025-08-21 18:18:04,0,2025-08-21 18:18:04+00:00,18,18,3,8,0,10.726939049306129,new
TXN_200220,CUST_693,1,1727,13894,Web,2025-08-18 08:11:12,0,2025-08-18 08:11:12+00:00,8,11,0,8,0,9.539284342176604,established
TXN_200221,CUST_300,1,1437,5806,Mobile,2025-08-10 13:46:19,0,2025-08-10 13:46:19+00:00,13,46,6,8,0,8.66681936537205,recent
TXN_200222,CUST_786,1,29,296549,POS,2025-08-01 07:22:37,0,2025-08-01 07:22:37+00:00,7,22,4,8,1,12.599971117266872,new
TXN_200223,CUST_257,1,558,6532,Web,2025-08-12 03:36:57,0,2025-08-12 03:36:57+00:00,3,36,1,8,0,8.78462153484075,new
TXN_200224,CUST_596,1,46,4204,ATM,2025-08-14 14:01:21,0,2025-08-14 14:01:21+00:00,14,1,3,8,0,8.344029572407049,new
TXN_200225,CUST_164,1,2992,4695,Mobile,2025-08-06 16:12:54,0,2025-08-06 16:12:54+00:00,16,12,2,8,0,8.454466361507933,old
TXN_200226,CUST_172,1,1155,6670,POS,2025-08-22 18:36:42,0,2025-08-22 18:36:42+00:00,18,36,4,8,0,8.805525052709516,recent
TXN_200227,CUST_365,1,14,14864,Web,2025-08-22 08:49:05,0,2025-08-22 08:49:05+00:00,8,49,4,8,0,9.606764735432199,new
TXN_200228,CUST_223,1,2119,4489,Mobile,2025-08-20 22:41:07,0,2025-08-20 22:41:07+00:00,22,41,2,8,0,8.4096079807363,established
TXN_200229,CUST_358,1,2236,3500,Web,2025-08-06 17:51:59,0,2025-08-06 17:51:59+00:00,17,51,2,8,0,8.160803920954665,established
TXN_200230,CUST_601,1,342,3125,Mobile,2025-08-11 09:00:48,0,2025-08-11 09:00:48+00:00,9,0,0,8,0,8.047509510981422,new
TXN_200231,CUST_108,1,71,4529,POS,2025-08-14 08:11:58,0,2025-08-14 08:11:58+00:00,8,11,3,8,0,8.41847721847708,new
TXN_200232,CUST_357,1,1963,15680,POS,2025-08-21 17:14:30,0,2025-08-21 17:14:30+00:00,17,14,3,8,0,9.660205067381032,established
TXN_200233,CUST_149,1,2062,7791,Web,2025-08-13 20:17:12,0,2025-08-13 20:17:12+00:00,20,17,2,8,0,8.960852845322371,established
TXN_200234,CUST_105,1,973,5225,Web,2025-08-11 11:29:55,0,2025-08-11 11:29:55+00:00,11,29,0,8,0,8.561401446080557,recent
TXN_200235,CUST_604,1,1018,8148,Web,2025-08-06 21:35:34,0,2025-08-06 21:35:34+00:00,21,35,2,8,0,9.00565049932022,recent
TXN_200236,CUST_216,1,752,284352,Web,2025-08-18 10:45:34,0,2025-08-18 10:45:34+00:00,10,45,0,8,1,12.557971703057346,recent
TXN_200237,CUST_227,1,1050,78086,Web,2025-08-12 00:51:06,0,2025-08-12 00:51:06+00:00,0,51,1,8,1,11.26557886870785,recent
TXN_200238,CUST_454,1,769,16129,ATM,2025-08-09 11:54:03,1,2025-08-09 11:54:03+00:00,11,54,5,8,0,9.688436171119255,recent
TXN_200239,CUST_371,1,2787,3086,POS,2025-08-11 16:51:01,0,2025-08-11 16:51:01+00:00,16,51,0,8,0,8.034955024502159,old
TXN_200240,CUST_657,1,1582,2541,Mobile,2025-08-17 03:06:04,0,2025-08-17 03:06:04+00:00,3,6,6,8,0,7.8407064517494,established
TXN_200241,CUST_680,1,359,4373,ATM,2025-08-16 11:42:54,0,2025-08-16 11:42:54+00:00,11,42,5,8,0,8.383433201236713,new
TXN_200242,CUST_547,0,1356,12433,Web,2025-08-08 13:07:19,0,2025-08-08 13:07:19+00:00,13,7,4,8,0,9.428189934829282,recent
TXN_200243,CUST_183,0,840,14464,Mobile,2025-08-21 12:16:47,1,2025-08-21 12:16:47+00:00,12,16,3,8,0,9.579487217410236,recent
TXN_200244,CUST_709,1,2252,9562,Web,2025-08-04 01:23:36,0,2025-08-04 01:23:36+00:00,1,23,0,8,0,9.165656764349542,established
TXN_200245,CUST_431,1,322,4200,POS,2025-08-16 08:21:15,0,2025-08-16 08:21:15+00:00,8,21,5,8,0,8.343077871169383,new
TXN_200246,CUST_266,1,2269,5294,Web,2025-08-09 02:37:49,0,2025-08-09 02:37:49+00:00,2,37,5,8,0,8.574518258035507,old
TXN_200247,CUST_341,1,888,10626,Mobile,2025-08-23 23:16:43,0,2025-08-23 23:16:43+00:00,23,16,5,8,0,9.271153211372695,recent
TXN_200248,CUST_737,0,1401,8931,POS,2025-08-20 09:26:28,1,2025-08-20 09:26:28+00:00,9,26,2,8,0,9.097395612960048,recent
TXN_200249,CUST_408,1,1316,41062,Web,2025-08-23 22:20:28,1,2025-08-23 22:20:28+00:00,22,20,5,8,0,10.622862751712955,recent
TXN_200250,CUST_632,1,1325,4028,POS,2025-08-08 17:11:17,0,2025-08-08 17:11:17+00:00,17,11,4,8,0,8.301273485191347,recent
TXN_200251,CUST_642,1,2892,203537,Web,2025-08-03 16:00:45,0,2025-08-03 16:00:45+00:00,16,0,6,8,1,12.223607998619235,old
TXN_200252,CUST_691,1,265,7077,Web,2025-08-11 21:38:43,0,2025-08-11 21:38:43+00:00,21,38,0,8,0,8.864746660905409,new
TXN_200253,CUST_700,1,1083,35048,POS,2025-08-15 01:12:04,0,2025-08-15 01:12:04+00:00,1,12,4,8,0,10.464502361385257,recent
TXN_200254,CUST_570,1,2211,29670,Web,2025-08-16 18:16:04,0,2025-08-16 18:16:04+00:00,18,16,5,8,0,10.297925416795092,established
TXN_200255,CUST_657,1,724,19605,ATM,2025-08-19 12:22:06,0,2025-08-19 12:22:06+00:00,12,22,1,8,0,9.883590920821671,new
TXN_200256,CUST_143,1,1211,283710,POS,2025-08-22 01:41:04,1,2025-08-22 01:41:04+00:00,1,41,4,8,1,12.555711393397408,recent
TXN_200257,CUST_784,1,1557,133139,Web,2025-08-20 03:49:00,0,2025-08-20 03:49:00+00:00,3,49,2,8,1,11.799156485154695,established
TXN_200258,CUST_481,1,307,5735,POS,2025-08-20 09:02:48,0,2025-08-20 09:02:48+00:00,9,2,2,8,0,8.654517382279456,new
TXN_200259,CUST_320,1,999,8114,Web,2025-08-14 05:07:25,0,2025-08-14 05:07:25+00:00,5,7,3,8,0,9.00146947994869,recent
TXN_200260,CUST_422,1,1428,6721,POS,2025-08-14 21:29:43,1,2025-08-14 21:29:43+00:00,21,29,3,8,0,8.81314100828505,recent
TXN_200261,CUST_476,1,2981,98866,Mobile,2025-08-09 22:08:39,0,2025-08-09 22:08:39+00:00,22,8,5,8,1,11.501530791556343,old
TXN_200262,CUST_337,1,1865,201044,Mobile,2025-08-10 15:22:38,1,2025-08-10 15:22:38+00:00,15,22,6,8,1,12.211284042580706,established
TXN_200263,CUST_498,1,2396,4332,Mobile,2025-08-16 00:39:21,0,2025-08-16 00:39:21+00:00,0,39,5,8,0,8.374015421739909,old
TXN_200264,CUST_674,1,1425,7132,Mobile,2025-08-18 07:28:08,0,2025-08-18 07:28:08+00:00,7,28,0,8,0,8.872487182278038,recent
TXN_200265,CUST_207,1,2391,5954,Web,2025-08-12 16:09:59,0,2025-08-12 16:09:59+00:00,16,9,1,8,0,8.691986481789401,old
TXN_200266,CUST_673,0,730,9313,Mobile,2025-08-25 11:58:43,0,2025-08-25 11:58:43+00:00,11,58,0,8,0,9.139273923542323,new
TXN_200267,CUST_540,1,332,1225,POS,2025-08-15 08:47:38,0,2025-08-15 08:47:38+00:00,8,47,4,8,0,7.111512116496157,new
TXN_200268,CUST_743,1,2320,285036,Mobile,2025-08-24 08:41:14,0,2025-08-24 08:41:14+00:00,8,41,6,8,1,12.560374275385712,old
TXN_200269,CUST_335,0,1491,7987,Mobile,2025-08-15 05:45:30,0,2025-08-15 05:45:30+00:00,5,45,4,8,0,8.985695694535705,established
TXN_200270,CUST_601,1,16,170914,Web,2025-08-14 18:45:37,0,2025-08-14 18:45:37+00:00,18,45,3,8,1,12.048921635878163,new
TXN_200271,CUST_636,1,20,2355,Web,2025-08-24 23:00:53,0,2025-08-24 23:00:53+00:00,23,0,6,8,0,7.764720544771477,new
TXN_200272,CUST_477,1,725,6845,Web,2025-08-15 13:17:39,0,2025-08-15 13:17:39+00:00,13,17,4,8,0,8.831419819090131,new
TXN_200273,CUST_555,0,1040,10785,Web,2025-08-18 15:51:04,0,2025-08-18 15:51:04+00:00,15,51,0,8,0,9.286004275897172,recent
TXN_200274,CUST_223,1,203,15349,ATM,2025-08-17 08:56:55,0,2025-08-17 08:56:55+00:00,8,56,6,8,0,9.638870753015343,new
TXN_200275,CUST_683,1,2652,259437,ATM,2025-08-16 17:37:22,0,2025-08-16 17:37:22+00:00,17,37,5,8,1,12.466273032039984,old
TXN_200276,CUST_262,1,2789,233171,Mobile,2025-08-10 05:12:44,0,2025-08-10 05:12:44+00:00,5,12,6,8,1,12.359531657639026,old
TXN_200277,CUST_464,1,2498,43848,Web,2025-08-15 00:33:35,0,2025-08-15 00:33:35+00:00,0,33,4,8,0,10.688507192523186,old
TXN_200278,CUST_511,0,527,9241,Web,2025-08-21 22:37:04,1,2025-08-21 22:37:04+00:00,22,37,3,8,0,9.131513591430211,new
TXN_200279,CUST_497,1,2724,4827,Mobile,2025-08-11 01:24:01,0,2025-08-11 01:24:01+00:00,1,24,0,8,0,8.482187582217422,old
TXN_200280,CUST_518,1,1567,5874,ATM,2025-08-11 20:31:54,0,2025-08-11 20:31:54+00:00,20,31,0,8,0,8.67846133901236,established
TXN_200281,CUST_491,1,2175,294174,POS,2025-08-18 06:59:17,0,2025-08-18 06:59:17+00:00,6,59,0,8,1,12.59193010733213,established
TXN_200282,CUST_424,1,1666,9519,Web,2025-08-03 08:59:33,0,2025-08-03 08:59:33+00:00,8,59,6,8,0,9.161150127785412,established
TXN_200283,CUST_522,0,1815,8660,Web,2025-08-05 20:41:44,0,2025-08-05 20:41:44+00:00,20,41,1,8,0,9.066585468331045,established
TXN_200284,CUST_736,1,2856,280221,POS,2025-08-09 16:17:38,0,2025-08-09 16:17:38+00:00,16,17,5,8,1,12.543337425149057,old
TXN_200285,CUST_558,1,96,24488,Mobile,2025-08-21 07:31:21,0,2025-08-21 07:31:21+00:00,7,31,3,8,0,10.105979316119466,new
TXN_200286,CUST_649,1,2004,7599,Web,2025-08-08 04:29:20,0,2025-08-08 04:29:20+00:00,4,29,4,8,0,8.935903526274423,established
TXN_200287,CUST_478,1,2054,54564,Web,2025-08-08 10:21:58,0,2025-08-08 10:21:58+00:00,10,21,4,8,1,10.90714793054719,established
TXN_200288,CUST_319,0,2477,177836,Mobile,2025-08-02 10:01:35,1,2025-08-02 10:01:35+00:00,10,1,5,8,1,12.088622679399977,old
TXN_200289,CUST_787,0,2537,26653,Mobile,2025-08-19 08:23:11,0,2025-08-19 08:23:11+00:00,8,23,1,8,0,10.190694512139672,old
TXN_200290,CUST_255,1,465,12730,POS,2025-08-17 23:49:55,0,2025-08-17 23:49:55+00:00,23,49,6,8,0,9.451795243061646,new
TXN_200291,CUST_547,1,2418,5839,Mobile,2025-08-14 18:28:00,0,2025-08-14 18:28:00+00:00,18,28,3,8,0,8.672486075822272,old
TXN_200292,CUST_477,1,2223,5772,Mobile,2025-08-03 15:01:57,0,2025-08-03 15:01:57+00:00,15,1,6,8,0,8.660947155060933,established
TXN_200293,CUST_257,0,2908,6948,Mobile,2025-08-01 19:56:40,1,2025-08-01 19:56:40+00:00,19,56,4,8,0,8.846353043314327,old
TXN_200294,CUST_370,1,943,225017,Web,2025-08-07 16:13:32,1,2025-08-07 16:13:32+00:00,16,13,3,8,1,12.323935677986729,recent
TXN_200295,CUST_642,1,2823,7759,POS,2025-08-19 02:24:09,0,2025-08-19 02:24:09+00:00,2,24,1,8,0,8.956737613177264,old
TXN_200296,CUST_353,1,1922,6861,Mobile,2025-08-15 23:52:59,0,2025-08-15 23:52:59+00:00,23,52,4,8,0,8.833754223418396,established
TXN_200297,CUST_367,1,72,6492,Mobile,2025-08-24 01:53:22,0,2025-08-24 01:53:22+00:00,1,53,6,8,0,8.778479952508487,new
TXN_200298,CUST_157,1,1542,12765,Mobile,2025-08-04 20:29:47,0,2025-08-04 20:29:47+00:00,20,29,0,8,0,9.454540665816003,established
TXN_200299,CUST_622,0,2938,8979,Mobile,2025-08-01 16:48:54,0,2025-08-01 16:48:54+00:00,16,48,4,8,0,9.102755161296246,old
TXN_200300,CUST_547,1,563,85887,Web,2025-08-19 16:02:45,0,2025-08-19 16:02:45+00:00,16,2,1,8,1,11.360799400891299,new
TXN_200301,CUST_705,1,104,3740,Mobile,2025-08-03 22:19:29,0,2025-08-03 22:19:29+00:00,22,19,6,8,0,8.227108234348146,new
TXN_200302,CUST_686,0,159,7439,Web,2025-08-05 14:57:32,1,2025-08-05 14:57:32+00:00,14,57,1,8,0,8.914626127827137,new
TXN_200303,CUST_442,1,2868,10162,Mobile,2025-08-13 17:50:54,0,2025-08-13 17:50:54+00:00,17,50,2,8,0,9.226508953137767,old
TXN_200304,CUST_462,1,1326,2983,POS,2025-08-14 10:14:27,0,2025-08-14 10:14:27+00:00,10,14,3,8,0,8.001019961323651,recent
TXN_200305,CUST_131,1,2285,7438,Mobile,2025-08-13 04:03:56,0,2025-08-13 04:03:56+00:00,4,3,2,8,0,8.914491710191342,old
TXN_200306,CUST_784,1,196,12112,Mobile,2025-08-01 13:37:10,0,2025-08-01 13:37:10+00:00,13,37,4,8,0,9.402034535016803,new
TXN_200307,CUST_106,1,2737,2967,Web,2025-08-06 13:59:30,0,2025-08-06 13:59:30+00:00,13,59,2,8,0,7.995643604287271,old
TXN_200308,CUST_425,1,2689,20628,Mobile,2025-08-16 09:05:12,0,2025-08-16 09:05:12+00:00,9,5,5,8,0,9.934453131793008,old
TXN_200309,CUST_743,1,1611,15559,Web,2025-08-13 13:18:05,1,2025-08-13 13:18:05+00:00,13,18,2,8,0,9.652458797732383,established
TXN_200310,CUST_482,1,1290,39055,Mobile,2025-08-16 15:16:43,0,2025-08-16 15:16:43+00:00,15,16,5,8,0,10.572751792632742,recent
TXN_200311,CUST_505,1,1219,9470,Web,2025-08-07 00:13:50,0,2025-08-07 00:13:50+00:00,0,13,3,8,0,9.155989777226102,recent
TXN_200312,CUST_496,1,2177,5239,Mobile,2025-08-22 13:35:51,0,2025-08-22 13:35:51+00:00,13,35,4,8,0,8.564076777315087,established
TXN_200313,CUST_497,1,684,6309,Mobile,2025-08-23 15:35:46,0,2025-08-23 15:35:46+00:00,15,35,5,8,0,8.749890955535259,new
TXN_200314,CUST_356,0,1915,39633,Web,2025-08-16 04:24:29,0,2025-08-16 04:24:29+00:00,4,24,5,8,0,10.587442614727157,established
TXN_200315,CUST_219,1,632,8315,Mobile,2025-08-25 12:10:08,0,2025-08-25 12:10:08+00:00,12,10,0,8,0,9.025936648977904,new
TXN_200316,CUST_685,0,2608,6858,Web,2025-08-11 14:18:25,1,2025-08-11 14:18:25+00:00,14,18,0,8,0,8.83331693749932,old
TXN_200317,CUST_497,0,484,15458,Web,2025-08-18 07:55:52,1,2025-08-18 07:55:52+00:00,7,55,0,8,0,9.645946636996333,new
TXN_200318,CUST_171,1,2009,19776,Web,2025-08-17 21:12:01,0,2025-08-17 21:12:01+00:00,21,12,6,8,0,9.892274925322026,established
TXN_200319,CUST_446,0,2894,13371,Mobile,2025-08-13 05:23:43,1,2025-08-13 05:23:43+00:00,5,23,2,8,0,9.500918247539989,old
TXN_200320,CUST_791,1,1481,7384,POS,2025-08-03 15:50:05,0,2025-08-03 15:50:05+00:00,15,50,6,8,0,8.90720619496548,recent
TXN_200321,CUST_189,1,2796,4618,ATM,2025-08-25 13:19:38,0,2025-08-25 13:19:38+00:00,13,19,0,8,0,8.437933510430605,old
TXN_200322,CUST_706,1,697,3336,Mobile,2025-08-08 04:35:20,0,2025-08-08 04:35:20+00:00,4,35,4,8,0,8.112827478751374,new
TXN_200323,CUST_276,1,526,7614,Web,2025-08-24 23:09:15,0,2025-08-24 23:09:15+00:00,23,9,6,8,0,8.937875265329263,new
TXN_200324,CUST_716,1,2410,291854,Mobile,2025-08-19 12:13:59,0,2025-08-19 12:13:59+00:00,12,13,1,8,1,12.584012382573587,old
TXN_200325,CUST_123,1,2138,3567,Mobile,2025-08-03 01:30:24,0,2025-08-03 01:30:24+00:00,1,30,6,8,0,8.1797604936999,established
TXN_200326,CUST_588,1,2420,5845,POS,2025-08-23 08:21:16,0,2025-08-23 08:21:16+00:00,8,21,5,8,0,8.673512945671192,old
TXN_200327,CUST_402,1,2921,9302,ATM,2025-08-17 06:31:31,0,2025-08-17 06:31:31+00:00,6,31,6,8,0,9.138092207768558,old
TXN_200328,CUST_135,1,2609,191216,Web,2025-08-08 22:36:01,0,2025-08-08 22:36:01+00:00,22,36,4,8,1,12.16116418778088,old
TXN_200329,CUST_469,1,157,4865,Web,2025-08-08 06:05:54,0,2025-08-08 06:05:54+00:00,6,5,4,8,0,8.490027523343468,new
TXN_200330,CUST_440,0,2759,7886,Web,2025-08-22 09:52:40,1,2025-08-22 09:52:40+00:00,9,52,4,8,0,8.97297111339799,old
TXN_200331,CUST_596,1,2246,12979,Web,2025-08-20 12:10:58,0,2025-08-20 12:10:58+00:00,12,10,2,8,0,9.471164990258082,established
TXN_200332,CUST_713,1,832,1113,Mobile,2025-08-07 02:25:17,0,2025-08-07 02:25:17+00:00,2,25,3,8,0,7.01571242048723,recent
TXN_200333,CUST_576,1,1276,5942,POS,2025-08-09 15:47:43,0,2025-08-09 15:47:43+00:00,15,47,5,8,0,8.68996933536666,recent
TXN_200334,CUST_609,1,2065,11225,Mobile,2025-08-15 09:58:59,0,2025-08-15 09:58:59+00:00,9,58,4,8,0,9.325987795502144,established
TXN_200335,CUST_195,1,2742,214496,Web,2025-08-24 17:22:31,1,2025-08-24 17:22:31+00:00,17,22,6,8,1,12.276051031238417,old
TXN_200336,CUST_470,1,2525,18084,Mobile,2025-08-20 17:33:01,0,2025-08-20 17:33:01+00:00,17,33,2,8,0,9.802838144386198,old
TXN_200337,CUST_608,1,1345,56855,ATM,2025-08-24 00:07:46,1,2025-08-24 00:07:46+00:00,0,7,6,8,1,10.94827703450673,recent
TXN_200338,CUST_232,1,440,203633,POS,2025-08-13 04:40:15,1,2025-08-13 04:40:15+00:00,4,40,2,8,1,12.224079543822631,new
TXN_200339,CUST_650,0,1529,5296,Mobile,2025-08-15 11:28:04,0,2025-08-15 11:28:04+00:00,11,28,4,8,0,8.574895901544526,established
TXN_200340,CUST_180,1,400,11365,Mobile,2025-08-22 18:58:45,0,2025-08-22 18:58:45+00:00,18,58,4,8,0,9.338381721857067,new
TXN_200341,CUST_710,1,1768,9795,Web,2025-08-13 09:59:50,0,2025-08-13 09:59:50+00:00,9,59,2,8,0,9.189729418072059,established
TXN_200342,CUST_521,1,298,1785,Web,2025-08-24 12:39:15,0,2025-08-24 12:39:15+00:00,12,39,6,8,0,7.487733761436444,new
TXN_200343,CUST_197,0,712,10485,Web,2025-08-14 12:09:06,0,2025-08-14 12:09:06+00:00,12,9,3,8,0,9.257796313132479,new
TXN_200344,CUST_398,1,563,30229,Web,2025-08-24 11:02:40,0,2025-08-24 11:02:40+00:00,11,2,6,8,0,10.316590087773504,new
TXN_200345,CUST_552,1,1679,2947,Mobile,2025-08-10 15:35:46,0,2025-08-10 15:35:46+00:00,15,35,6,8,0,7.988882253309227,established
TXN_200346,CUST_371,1,1917,4947,Mobile,2025-08-15 02:44:13,0,2025-08-15 02:44:13+00:00,2,44,4,8,0,8.506738733512378,established
TXN_200347,CUST_502,1,2375,6779,Web,2025-08-22 01:38:20,0,2025-08-22 01:38:20+00:00,1,38,4,8,0,8.821732380934442,old
TXN_200348,CUST_129,1,1302,11742,ATM,2025-08-02 17:40:51,0,2025-08-02 17:40:51+00:00,17,40,5,8,0,9.37101259736508,recent
TXN_200349,CUST_576,1,825,166955,POS,2025-08-25 05:56:37,1,2025-08-25 05:56:37+00:00,5,56,0,8,1,12.025485583629877,recent
TXN_200350,CUST_559,1,473,10602,Mobile,2025-08-02 02:35:20,0,2025-08-02 02:35:20+00:00,2,35,5,8,0,9.268892258925797,new
TXN_200351,CUST_168,1,951,7661,Mobile,2025-08-20 21:50:02,0,2025-08-20 21:50:02+00:00,21,50,2,8,0,8.944028325260595,recent
TXN_200352,CUST_479,1,2395,5515,Web,2025-08-16 18:59:40,0,2025-08-16 18:59:40+00:00,18,59,5,8,0,8.615408238913192,old
TXN_200353,CUST_596,1,2124,130282,POS,2025-08-05 15:51:52,0,2025-08-05 15:51:52+00:00,15,51,1,8,1,11.777464286450805,established
TXN_200354,CUST_263,0,1273,13017,Mobile,2025-08-14 11:44:45,0,2025-08-14 11:44:45+00:00,11,44,3,8,0,9.474088294132333,recent
TXN_200355,CUST_306,0,2497,7459,ATM,2025-08-25 14:57:53,1,2025-08-25 14:57:53+00:00,14,57,0,8,0,8.917310693197807,old
TXN_200356,CUST_588,1,2528,4396,ATM,2025-08-13 18:46:43,0,2025-08-13 18:46:43+00:00,18,46,2,8,0,8.388677769180811,old
TXN_200357,CUST_448,1,178,122854,Mobile,2025-08-14 10:58:07,1,2025-08-14 10:58:07+00:00,10,58,3,8,1,11.718760077161802,new
TXN_200358,CUST_622,1,2575,238050,Mobile,2025-08-05 22:23:17,1,2025-08-05 22:23:17+00:00,22,23,1,8,1,12.380240215411993,old
TXN_200359,CUST_152,1,1961,4869,Web,2025-08-03 07:30:13,0,2025-08-03 07:30:13+00:00,7,30,6,8,0,8.490849216076635,established
TXN_200360,CUST_438,0,1854,14924,Mobile,2025-08-08 12:59:31,0,2025-08-08 12:59:31+00:00,12,59,4,8,0,9.610792938260802,established
TXN_200361,CUST_242,1,155,4607,Web,2025-08-22 02:47:10,0,2025-08-22 02:47:10+00:00,2,47,4,8,0,8.435549202375727,new
TXN_200362,CUST_430,1,330,9028,Web,2025-08-04 04:03:17,0,2025-08-04 04:03:17+00:00,4,3,0,8,0,9.10819689830748,new
TXN_200363,CUST_225,1,1154,4117,Web,2025-08-08 20:14:47,0,2025-08-08 20:14:47+00:00,20,14,4,8,0,8.323122887587735,recent
TXN_200364,CUST_775,1,2508,6157,Web,2025-08-07 10:00:33,0,2025-08-07 10:00:33+00:00,10,0,3,8,0,8.725507328484445,old
TXN_200365,CUST_157,1,2841,9099,Mobile,2025-08-20 07:26:58,0,2025-08-20 07:26:58+00:00,7,26,2,8,0,9.116029692504942,old
TXN_200366,CUST_663,1,2990,11981,Mobile,2025-08-05 20:14:15,0,2025-08-05 20:14:15+00:00,20,14,1,8,0,9.39116080264387,old
TXN_200367,CUST_134,1,422,8919,Mobile,2025-08-14 21:37:00,0,2025-08-14 21:37:00+00:00,21,37,3,8,0,9.096051225574055,new
TXN_200368,CUST_591,0,2713,3283,Web,2025-08-04 11:02:27,0,2025-08-04 11:02:27+00:00,11,2,0,8,0,8.096817470572319,old
TXN_200369,CUST_743,0,361,8879,POS,2025-08-21 13:40:02,1,2025-08-21 13:40:02+00:00,13,40,3,8,0,9.091556835986216,new
TXN_200370,CUST_309,1,2463,27169,Mobile,2025-08-15 07:14:33,0,2025-08-15 07:14:33+00:00,7,14,4,8,0,10.209868702420394,old
TXN_200371,CUST_611,1,1278,5826,Mobile,2025-08-20 23:27:05,0,2025-08-20 23:27:05+00:00,23,27,2,8,0,8.670257567143075,recent
TXN_200372,CUST_652,1,1669,10275,Web,2025-08-11 15:29:44,0,2025-08-11 15:29:44+00:00,15,29,0,8,0,9.237566358229774,established
TXN_200373,CUST_127,1,419,6164,Mobile,2025-08-01 00:58:45,0,2025-08-01 00:58:45+00:00,0,58,4,8,0,8.726643415598444,new
TXN_200374,CUST_411,1,2783,5688,Web,2025-08-08 14:38:22,0,2025-08-08 14:38:22+00:00,14,38,4,8,0,8.646289764750648,old
TXN_200375,CUST_677,1,2353,40449,Web,2025-08-19 23:04:47,0,2025-08-19 23:04:47+00:00,23,4,1,8,0,10.607821922486638,old
TXN_200376,CUST_562,0,1807,9511,Mobile,2025-08-10 19:16:07,1,2025-08-10 19:16:07+00:00,19,16,6,8,0,9.160309438370618,established
TXN_200377,CUST_305,1,655,7273,Mobile,2025-08-04 18:04:14,0,2025-08-04 18:04:14+00:00,18,4,0,8,0,8.892061625546935,new
TXN_200378,CUST_163,0,1405,12930,Mobile,2025-08-03 23:08:33,0,2025-08-03 23:08:33+00:00,23,8,6,8,0,9.467382808295852,recent
TXN_200379,CUST_475,1,2459,15178,Web,2025-08-16 21:04:11,0,2025-08-16 21:04:11+00:00,21,4,5,8,0,9.627668172626858,old
TXN_200380,CUST_544,0,517,9051,POS,2025-08-18 22:56:31,0,2025-08-18 22:56:31+00:00,22,56,0,8,0,9.110741006753427,new
TXN_200381,CUST_797,1,255,8743,Web,2025-08-22 21:29:43,0,2025-08-22 21:29:43+00:00,21,29,4,8,0,9.076123029856374,new
TXN_200382,CUST_566,0,248,7829,Mobile,2025-08-17 09:48:08,0,2025-08-17 09:48:08+00:00,9,48,6,8,0,8.965717788984849,new
TXN_200383,CUST_206,1,831,5405,Mobile,2025-08-22 09:29:51,0,2025-08-22 09:29:51+00:00,9,29,4,8,0,8.595264726836392,recent
TXN_200384,CUST_260,0,301,2363,Mobile,2025-08-03 22:54:42,0,2025-08-03 22:54:42+00:00,22,54,6,8,0,7.768110378525988,new
TXN_200385,CUST_600,1,2602,10672,Web,2025-08-20 15:17:43,0,2025-08-20 15:17:43+00:00,15,17,2,8,0,9.275472466913964,old
TXN_200386,CUST_586,1,2261,3044,ATM,2025-08-18 23:38:16,0,2025-08-18 23:38:16+00:00,23,38,0,8,0,8.021256180143997,old
TXN_200387,CUST_398,1,1263,24483,POS,2025-08-13 18:17:57,0,2025-08-13 18:17:57+00:00,18,17,2,8,0,10.10577512197096,recent
TXN_200388,CUST_689,1,1539,8912,Mobile,2025-08-02 01:58:49,0,2025-08-02 01:58:49+00:00,1,58,5,8,0,9.095266164130717,established
TXN_200389,CUST_495,1,1245,7410,Web,2025-08-16 06:49:07,0,2025-08-16 06:49:07+00:00,6,49,5,8,0,8.910720661951359,recent
TXN_200390,CUST_642,1,1242,12432,Mobile,2025-08-12 08:32:02,0,2025-08-12 08:32:02+00:00,8,32,1,8,0,9.428109506952937,recent
TXN_200391,CUST_116,1,808,4197,Web,2025-08-04 09:45:32,0,2025-08-04 09:45:32+00:00,9,45,0,8,0,8.342363500380579,recent
TXN_200392,CUST_667,1,477,4346,Mobile,2025-08-23 09:38:04,0,2025-08-23 09:38:04+00:00,9,38,5,8,0,8.377241230988792,new
TXN_200393,CUST_628,1,208,19029,Web,2025-08-11 02:43:28,0,2025-08-11 02:43:28+00:00,2,43,0,8,0,9.853771960290196,new
TXN_200394,CUST_216,1,74,21800,Mobile,2025-08-18 12:07:18,0,2025-08-18 12:07:18+00:00,12,7,0,8,0,9.989711119284745,new
TXN_200395,CUST_207,1,2488,140201,Web,2025-08-04 03:28:49,0,2025-08-04 03:28:49+00:00,3,28,0,8,1,11.850839518816112,old
TXN_200396,CUST_742,0,2482,59594,Mobile,2025-08-24 09:39:05,0,2025-08-24 09:39:05+00:00,9,39,6,8,1,10.99532695691681,old
TXN_200397,CUST_370,0,826,36338,Mobile,2025-08-03 23:09:20,0,2025-08-03 23:09:20+00:00,23,9,6,8,0,10.500646823684912,recent
TXN_200398,CUST_568,1,1911,231445,Web,2025-08-18 23:52:56,0,2025-08-18 23:52:56+00:00,23,52,0,8,1,12.352101863959675,established
TXN_200399,CUST_135,1,2844,33874,Mobile,2025-08-21 17:22:44,0,2025-08-21 17:22:44+00:00,17,22,3,8,0,10.430432558182002,old
TXN_200400,CUST_196,1,125,231147,Mobile,2025-08-03 10:57:58,0,2025-08-03 10:57:58+00:00,10,57,6,8,1,12.350813476988716,new
TXN_200401,CUST_620,1,1083,13182,Web,2025-08-10 09:23:19,0,2025-08-10 09:23:19+00:00,9,23,6,8,0,9.48668339975797,recent
TXN_200402,CUST_348,1,1608,8707,Web,2025-08-23 16:19:46,0,2025-08-23 16:19:46+00:00,16,19,5,8,0,9.071997422354437,established
TXN_200403,CUST_553,1,2391,127400,Web,2025-08-07 13:46:55,0,2025-08-07 13:46:55+00:00,13,46,3,8,1,11.755094871382958,old
TXN_200404,CUST_251,0,1227,158179,ATM,2025-08-17 05:38:26,0,2025-08-17 05:38:26+00:00,5,38,6,8,1,11.971488904073409,recent
TXN_200405,CUST_778,1,958,219420,Web,2025-08-25 06:16:47,0,2025-08-25 06:16:47+00:00,6,16,0,8,1,12.29874753783079,recent
TXN_200406,CUST_364,1,1585,5058,ATM,2025-08-21 09:48:43,0,2025-08-21 09:48:43+00:00,9,48,3,8,0,8.528924114291936,established
TXN_200407,CUST_696,1,1303,4396,POS,2025-08-16 00:49:39,1,2025-08-16 00:49:39+00:00,0,49,5,8,0,8.388677769180811,recent
TXN_200408,CUST_513,1,331,8362,Mobile,2025-08-17 11:22:30,0,2025-08-17 11:22:30+00:00,11,22,6,8,0,9.031572493381526,new
TXN_200409,CUST_416,0,852,48457,Web,2025-08-23 21:15:54,0,2025-08-23 21:15:54+00:00,21,15,5,8,0,10.788452722367374,recent
TXN_200410,CUST_278,0,2165,5414,Mobile,2025-08-05 14:34:32,0,2025-08-05 14:34:32+00:00,14,34,1,8,0,8.596928159435091,established
TXN_200411,CUST_416,1,643,6981,Web,2025-08-21 07:46:47,0,2025-08-21 07:46:47+00:00,7,46,3,8,0,8.851090687664982,new
TXN_200412,CUST_625,1,1773,15625,Mobile,2025-08-14 09:04:43,0,2025-08-14 09:04:43+00:00,9,4,3,8,0,9.65669147255669,established
TXN_200413,CUST_753,1,1961,38042,Mobile,2025-08-12 22:25:24,0,2025-08-12 22:25:24+00:00,22,25,1,8,0,10.54647237790301,established
TXN_200414,CUST_302,1,1432,4465,POS,2025-08-17 18:59:56,0,2025-08-17 18:59:56+00:00,18,59,6,8,0,8.404248432400102,recent
TXN_200415,CUST_199,1,2160,5209,Web,2025-08-16 18:46:53,0,2025-08-16 18:46:53+00:00,18,46,5,8,0,8.558335134747413,established
TXN_200416,CUST_491,1,2142,91245,Mobile,2025-08-25 19:04:47,0,2025-08-25 19:04:47+00:00,19,4,0,8,1,11.42131443486749,established
TXN_200417,CUST_710,1,2101,53379,Web,2025-08-12 08:08:29,0,2025-08-12 08:08:29+00:00,8,8,1,8,1,10.885191422958515,established
TXN_200418,CUST_196,1,1047,5072,Mobile,2025-08-05 17:11:03,0,2025-08-05 17:11:03+00:00,17,11,1,8,0,8.53168763756669,recent
TXN_200419,CUST_135,1,2682,9224,Web,2025-08-15 04:32:18,0,2025-08-15 04:32:18+00:00,4,32,4,8,0,9.129672468908728,old
TXN_200420,CUST_660,1,1881,5719,POS,2025-08-10 03:38:28,0,2025-08-10 03:38:28+00:00,3,38,6,8,0,8.651724084373843,established
TXN_200421,CUST_101,1,1358,9384,Mobile,2025-08-17 02:33:15,0,2025-08-17 02:33:15+00:00,2,33,6,8,0,9.14686794902061,recent
TXN_200422,CUST_341,1,2887,10863,Mobile,2025-08-07 03:21:25,0,2025-08-07 03:21:25+00:00,3,21,3,8,0,9.293209849798478,old
TXN_200423,CUST_412,1,2972,13458,Web,2025-08-23 08:31:21,0,2025-08-23 08:31:21+00:00,8,31,5,8,0,9.507403306233716,old
TXN_200424,CUST_187,1,312,9573,Mobile,2025-08-23 04:55:13,0,2025-08-23 04:55:13+00:00,4,55,5,8,0,9.166806369952454,new
TXN_200425,CUST_628,1,383,31834,Mobile,2025-08-03 13:58:59,0,2025-08-03 13:58:59+00:00,13,58,6,8,0,10.368321592451126,new
TXN_200426,CUST_680,1,513,3320,Web,2025-08-07 05:25:55,0,2025-08-07 05:25:55+00:00,5,25,3,8,0,8.108021221376747,new
TXN_200427,CUST_733,1,1516,6001,Mobile,2025-08-07 17:32:43,0,2025-08-07 17:32:43+00:00,17,32,3,8,0,8.699848026000312,established
TXN_200428,CUST_250,1,280,22118,Web,2025-08-24 00:09:14,0,2025-08-24 00:09:14+00:00,0,9,6,8,0,10.00419224665776,new
TXN_200429,CUST_247,1,2160,3399,POS,2025-08-17 11:54:21,0,2025-08-17 11:54:21+00:00,11,54,6,8,0,8.131530710604252,established
TXN_200430,CUST_136,1,1805,205110,Web,2025-08-20 16:52:15,1,2025-08-20 16:52:15+00:00,16,52,2,8,1,12.23130657499676,established
TXN_200431,CUST_476,1,2610,262845,Web,2025-08-10 03:06:28,0,2025-08-10 03:06:28+00:00,3,6,6,8,1,12.47932358832697,old
TXN_200432,CUST_780,1,603,6433,Web,2025-08-24 13:07:51,0,2025-08-24 13:07:51+00:00,13,7,6,8,0,8.769351707798972,new
TXN_200433,CUST_156,1,23,9628,Web,2025-08-19 12:45:58,0,2025-08-19 12:45:58+00:00,12,45,1,8,0,9.172534657240284,new
TXN_200434,CUST_728,1,78,3013,Mobile,2025-08-12 18:52:17,0,2025-08-12 18:52:17+00:00,18,52,1,8,0,8.01102337918644,new
TXN_200435,CUST_152,1,671,291314,Mobile,2025-08-09 20:02:12,0,2025-08-09 20:02:12+00:00,20,2,5,8,1,12.582160434927662,new
TXN_200436,CUST_216,1,2583,4743,Web,2025-08-08 00:19:19,0,2025-08-08 00:19:19+00:00,0,19,4,8,0,8.464635940677562,old
TXN_200437,CUST_294,1,718,47518,Mobile,2025-08-17 11:06:53,0,2025-08-17 11:06:53+00:00,11,6,6,8,0,10.76888491004406,new
TXN_200438,CUST_730,1,894,5548,Mobile,2025-08-05 04:51:42,0,2025-08-05 04:51:42+00:00,4,51,1,8,0,8.621373010325902,recent
TXN_200439,CUST_538,1,734,6646,Web,2025-08-20 21:34:07,0,2025-08-20 21:34:07+00:00,21,34,2,8,0,8.801920904041582,recent
TXN_200440,CUST_171,1,821,4260,Web,2025-08-13 13:54:55,0,2025-08-13 13:54:55+00:00,13,54,2,8,0,8.357259153499912,recent
TXN_200441,CUST_589,1,2678,7267,Web,2025-08-24 12:32:16,0,2025-08-24 12:32:16+00:00,12,32,6,8,0,8.891236429516061,old
TXN_200442,CUST_212,1,765,53948,Web,2025-08-04 01:35:40,0,2025-08-04 01:35:40+00:00,1,35,0,8,1,10.895794434833306,recent
TXN_200443,CUST_128,1,819,11711,ATM,2025-08-22 11:26:24,0,2025-08-22 11:26:24+00:00,11,26,4,8,0,9.368369236201092,recent
TXN_200444,CUST_262,1,1040,46011,Web,2025-08-07 09:40:02,0,2025-08-07 09:40:02+00:00,9,40,3,8,0,10.7366575110159,recent
TXN_200445,CUST_291,1,295,5504,Web,2025-08-21 18:26:19,0,2025-08-21 18:26:19+00:00,18,26,3,8,0,8.61341204915678,new
TXN_200446,CUST_410,1,36,11728,Web,2025-08-23 03:23:36,1,2025-08-23 03:23:36+00:00,3,23,5,8,0,9.369819686521504,new
TXN_200447,CUST_139,0,1342,59405,Web,2025-08-14 01:16:44,0,2025-08-14 01:16:44+00:00,1,16,3,8,1,10.99215051035057,recent
TXN_200448,CUST_686,0,2664,10616,Web,2025-08-09 18:19:14,1,2025-08-09 18:19:14+00:00,18,19,5,8,0,9.270211769013573,old
TXN_200449,CUST_584,1,2567,6940,Web,2025-08-04 15:31:06,0,2025-08-04 15:31:06+00:00,15,31,0,8,0,8.845201135339584,old
TXN_200450,CUST_162,1,302,13016,Mobile,2025-08-01 21:26:59,0,2025-08-01 21:26:59+00:00,21,26,4,8,0,9.47401147446646,new
TXN_200451,CUST_746,1,216,297567,Web,2025-08-20 09:01:07,0,2025-08-20 09:01:07+00:00,9,1,2,8,1,12.603398049277924,new
TXN_200452,CUST_294,0,983,3866,ATM,2025-08-18 04:43:13,0,2025-08-18 04:43:13+00:00,4,43,0,8,0,8.260234291607297,recent
TXN_200453,CUST_202,1,1209,5281,Mobile,2025-08-16 19:13:10,0,2025-08-16 19:13:10+00:00,19,13,5,8,0,8.572060092857077,recent
TXN_200454,CUST_660,1,670,17858,Mobile,2025-08-09 21:18:39,0,2025-08-09 21:18:39+00:00,21,18,5,8,0,9.7902628618215,new
TXN_200455,CUST_160,1,1140,8089,Web,2025-08-21 11:07:32,0,2025-08-21 11:07:32+00:00,11,7,3,8,0,8.998384010052538,recent
TXN_200456,CUST_672,1,2871,98466,Mobile,2025-08-25 22:36:00,0,2025-08-25 22:36:00+00:00,22,36,0,8,1,11.49747674564593,old
TXN_200457,CUST_633,1,1850,2428,Mobile,2025-08-22 08:55:34,0,2025-08-22 08:55:34+00:00,8,55,4,8,0,7.795234929002173,established
TXN_200458,CUST_177,1,1915,11524,Mobile,2025-08-11 17:11:07,1,2025-08-11 17:11:07+00:00,17,11,0,8,0,9.352273867864849,established
TXN_200459,CUST_630,1,1054,251256,POS,2025-08-03 12:37:00,0,2025-08-03 12:37:00+00:00,12,37,6,8,1,12.434231598663837,recent
TXN_200460,CUST_794,1,2476,7397,Mobile,2025-08-11 10:40:44,0,2025-08-11 10:40:44+00:00,10,40,0,8,0,8.908964972392399,old
TXN_200461,CUST_656,1,832,11241,Web,2025-08-09 06:22:45,0,2025-08-09 06:22:45+00:00,6,22,5,8,0,9.32741204356202,recent
TXN_200462,CUST_361,1,2069,7110,Web,2025-08-24 09:49:06,0,2025-08-24 09:49:06+00:00,9,49,6,8,0,8.869398159883518,established
TXN_200463,CUST_587,1,2503,219388,Mobile,2025-08-24 19:18:47,1,2025-08-24 19:18:47+00:00,19,18,6,8,1,12.298601688829825,old
TXN_200464,CUST_691,1,2590,185061,Web,2025-08-13 18:21:12,0,2025-08-13 18:21:12+00:00,18,21,2,8,1,12.128446183050361,old
TXN_200465,CUST_205,1,288,4898,ATM,2025-08-20 09:24:14,0,2025-08-20 09:24:14+00:00,9,24,2,8,0,8.496786381638575,new
TXN_200466,CUST_652,1,2323,3517,POS,2025-08-11 08:01:15,0,2025-08-11 08:01:15+00:00,8,1,0,8,0,8.165647925297504,old
TXN_200467,CUST_116,1,1052,216774,Mobile,2025-08-07 22:34:59,0,2025-08-07 22:34:59+00:00,22,34,3,8,1,12.286615228245362,recent
TXN_200468,CUST_349,1,861,4874,Mobile,2025-08-06 20:03:21,0,2025-08-06 20:03:21+00:00,20,3,2,8,0,8.491875383431948,recent
TXN_200469,CUST_649,1,765,10536,Web,2025-08-18 04:53:27,0,2025-08-18 04:53:27+00:00,4,53,0,8,0,9.262648151599528,recent
TXN_200470,CUST_673,0,318,11629,POS,2025-08-14 19:13:20,1,2025-08-14 19:13:20+00:00,19,13,3,8,0,9.36134324551271,new
TXN_200471,CUST_192,1,296,14774,Mobile,2025-08-25 08:08:11,0,2025-08-25 08:08:11+00:00,8,8,0,8,0,9.6006918422743,new
TXN_200472,CUST_718,1,1421,8736,Web,2025-08-12 10:58:22,0,2025-08-12 10:58:22+00:00,10,58,1,8,0,9.075322160298095,recent
TXN_200473,CUST_130,1,2912,4986,Web,2025-08-15 20:28:26,0,2025-08-15 20:28:26+00:00,20,28,4,8,0,8.514589805546123,old
TXN_200474,CUST_505,1,2521,18275,Web,2025-08-14 03:57:49,0,2025-08-14 03:57:49+00:00,3,57,3,8,0,9.813344002683163,old
TXN_200475,CUST_709,1,218,7650,Mobile,2025-08-09 03:41:05,0,2025-08-09 03:41:05+00:00,3,41,5,8,0,8.942591637231851,new
TXN_200476,CUST_747,1,2575,4531,ATM,2025-08-22 06:14:46,0,2025-08-22 06:14:46+00:00,6,14,4,8,0,8.418918622147897,old
TXN_200477,CUST_240,1,2406,57175,Web,2025-08-10 17:30:04,0,2025-08-10 17:30:04+00:00,17,30,6,8,1,10.953889508899815,old
TXN_200478,CUST_726,1,2625,11254,Web,2025-08-22 21:56:54,0,2025-08-22 21:56:54+00:00,21,56,4,8,0,9.328567753340833,old
TXN_200479,CUST_158,0,2254,3147,Mobile,2025-08-25 01:23:32,0,2025-08-25 01:23:32+00:00,1,23,0,8,0,8.054522609537294,established
TXN_200480,CUST_521,0,2599,11676,Mobile,2025-08-10 20:07:27,1,2025-08-10 20:07:27+00:00,20,7,6,8,0,9.365376374075716,old
TXN_200481,CUST_517,1,517,3979,Web,2025-08-21 04:56:46,0,2025-08-21 04:56:46+00:00,4,56,3,8,0,8.289037098278483,new
TXN_200482,CUST_568,1,1530,17835,Web,2025-08-20 21:49:35,0,2025-08-20 21:49:35+00:00,21,49,2,8,0,9.788974165747367,established
TXN_200483,CUST_403,1,406,3046,Mobile,2025-08-02 14:57:36,0,2025-08-02 14:57:36+00:00,14,57,5,8,0,8.021912778985708,new
TXN_200484,CUST_789,1,1298,4289,Mobile,2025-08-03 21:10:56,0,2025-08-03 21:10:56+00:00,21,10,6,8,0,8.364042011922063,recent
TXN_200485,CUST_777,0,2622,202280,Mobile,2025-08-02 20:06:59,0,2025-08-02 20:06:59+00:00,20,6,5,8,1,12.217413098824176,old
TXN_200486,CUST_390,1,257,5645,Web,2025-08-16 13:06:36,0,2025-08-16 13:06:36+00:00,13,6,5,8,0,8.638702608813434,new
TXN_200487,CUST_346,0,2297,7885,Web,2025-08-20 20:04:26,0,2025-08-20 20:04:26+00:00,20,4,2,8,0,8.972844314437573,old
TXN_200488,CUST_205,1,447,41626,Mobile,2025-08-22 07:59:36,0,2025-08-22 07:59:36+00:00,7,59,4,8,0,10.636504274176522,new
TXN_200489,CUST_495,1,597,23091,Web,2025-08-19 14:58:07,0,2025-08-19 14:58:07+00:00,14,58,1,8,0,10.047241516180824,new
TXN_200490,CUST_792,0,934,37661,ATM,2025-08-09 13:11:36,0,2025-08-09 13:11:36+00:00,13,11,5,8,0,10.536406907545587,recent
TXN_200491,CUST_656,1,1992,17294,Mobile,2025-08-05 15:02:33,0,2025-08-05 15:02:33+00:00,15,2,1,8,0,9.758172721371269,established
TXN_200492,CUST_690,1,1190,8447,Web,2025-08-08 10:32:40,0,2025-08-08 10:32:40+00:00,10,32,4,8,0,9.041685005946043,recent
TXN_200493,CUST_406,1,836,299783,POS,2025-08-01 22:03:41,0,2025-08-01 22:03:41+00:00,22,3,4,8,1,12.610817494313855,recent
TXN_200494,CUST_316,1,1728,207390,Web,2025-08-16 04:47:42,0,2025-08-16 04:47:42+00:00,4,47,5,8,1,12.242361179429057,established
TXN_200495,CUST_445,1,2552,230637,Mobile,2025-08-12 17:54:21,0,2025-08-12 17:54:21+00:00,17,54,1,8,1,12.348604660751967,old
TXN_200496,CUST_753,1,1840,9209,ATM,2025-08-16 13:34:38,0,2025-08-16 13:34:38+00:00,13,34,5,8,0,9.128045129249353,established
TXN_200497,CUST_517,1,2749,20964,Mobile,2025-08-18 00:27:29,0,2025-08-18 00:27:29+00:00,0,27,0,8,0,9.950609659604863,old
TXN_200498,CUST_368,1,1480,31910,POS,2025-08-19 10:37:08,0,2025-08-19 10:37:08+00:00,10,37,1,8,0,10.370706056919774,recent
TXN_200499,CUST_393,1,343,66154,Mobile,2025-08-04 02:38:30,1,2025-08-04 02:38:30+00:00,2,38,0,8,1,11.099755752476511,new
